-- MySQL dump 10.13  Distrib 8.0.19, for Linux (x86_64)
--
-- Host: localhost    Database: vk
-- ------------------------------------------------------
-- Server version	8.0.19

/*!40101 SET @OLD_CHARACTER_SET_CLIENT=@@CHARACTER_SET_CLIENT */;
/*!40101 SET @OLD_CHARACTER_SET_RESULTS=@@CHARACTER_SET_RESULTS */;
/*!40101 SET @OLD_COLLATION_CONNECTION=@@COLLATION_CONNECTION */;
/*!50503 SET NAMES utf8mb4 */;
/*!40103 SET @OLD_TIME_ZONE=@@TIME_ZONE */;
/*!40103 SET TIME_ZONE='+00:00' */;
/*!40014 SET @OLD_UNIQUE_CHECKS=@@UNIQUE_CHECKS, UNIQUE_CHECKS=0 */;
/*!40014 SET @OLD_FOREIGN_KEY_CHECKS=@@FOREIGN_KEY_CHECKS, FOREIGN_KEY_CHECKS=0 */;
/*!40101 SET @OLD_SQL_MODE=@@SQL_MODE, SQL_MODE='NO_AUTO_VALUE_ON_ZERO' */;
/*!40111 SET @OLD_SQL_NOTES=@@SQL_NOTES, SQL_NOTES=0 */;

--
-- Table structure for table `communities`
--

DROP TABLE IF EXISTS `communities`;
/*!40101 SET @saved_cs_client     = @@character_set_client */;
/*!50503 SET character_set_client = utf8mb4 */;
CREATE TABLE `communities` (
  `id` int unsigned NOT NULL AUTO_INCREMENT,
  `name` varchar(150) CHARACTER SET utf8 COLLATE utf8_unicode_ci NOT NULL,
  PRIMARY KEY (`id`),
  UNIQUE KEY `name` (`name`)
) ENGINE=InnoDB AUTO_INCREMENT=101 DEFAULT CHARSET=utf8 COLLATE=utf8_unicode_ci;
/*!40101 SET character_set_client = @saved_cs_client */;

--
-- Dumping data for table `communities`
--

LOCK TABLES `communities` WRITE;
/*!40000 ALTER TABLE `communities` DISABLE KEYS */;
INSERT INTO `communities` VALUES (7,'aliquid'),(4,'consequuntur'),(10,'eaque'),(14,'et'),(3,'excepturi'),(12,'facere'),(11,'nemo'),(15,'nihil'),(9,'nisi'),(13,'nobis'),(1,'numquam'),(2,'officia'),(5,'officiis'),(8,'repellat'),(6,'temporibus');
/*!40000 ALTER TABLE `communities` ENABLE KEYS */;
UNLOCK TABLES;

--
-- Table structure for table `communities_users`
--

DROP TABLE IF EXISTS `communities_users`;
/*!40101 SET @saved_cs_client     = @@character_set_client */;
/*!50503 SET character_set_client = utf8mb4 */;
CREATE TABLE `communities_users` (
  `community_id` int unsigned NOT NULL,
  `user_id` int unsigned NOT NULL,
  PRIMARY KEY (`community_id`,`user_id`)
) ENGINE=InnoDB DEFAULT CHARSET=utf8 COLLATE=utf8_unicode_ci;
/*!40101 SET character_set_client = @saved_cs_client */;

--
-- Dumping data for table `communities_users`
--

LOCK TABLES `communities_users` WRITE;
/*!40000 ALTER TABLE `communities_users` DISABLE KEYS */;
INSERT INTO `communities_users` VALUES (1,19),(1,32),(1,42),(1,48),(1,65),(1,68),(2,31),(2,52),(2,84),(2,93),(3,41),(3,47),(3,53),(3,61),(3,66),(3,70),(3,78),(3,95),(4,6),(4,17),(4,22),(4,24),(4,58),(4,96),(4,100),(5,11),(5,25),(5,29),(5,39),(5,60),(5,85),(5,86),(5,99),(6,14),(6,21),(6,27),(6,35),(6,76),(6,79),(7,44),(7,69),(7,71),(7,77),(7,80),(7,90),(7,98),(8,7),(8,73),(8,82),(9,1),(9,3),(9,5),(9,55),(9,72),(9,87),(9,91),(9,92),(10,2),(10,13),(10,26),(10,34),(10,40),(10,46),(10,50),(10,54),(10,97),(11,8),(11,43),(11,83),(12,18),(12,30),(12,36),(12,49),(12,51),(12,57),(12,59),(12,75),(13,4),(13,10),(13,16),(13,37),(13,74),(13,89),(14,12),(14,20),(14,28),(14,56),(14,62),(14,63),(14,67),(14,88),(14,94),(15,9),(15,15),(15,23),(15,33),(15,38),(15,45),(15,64),(15,81);
/*!40000 ALTER TABLE `communities_users` ENABLE KEYS */;
UNLOCK TABLES;

--
-- Table structure for table `friendship`
--

DROP TABLE IF EXISTS `friendship`;
/*!40101 SET @saved_cs_client     = @@character_set_client */;
/*!50503 SET character_set_client = utf8mb4 */;
CREATE TABLE `friendship` (
  `user_id` int unsigned NOT NULL,
  `friend_id` int unsigned NOT NULL,
  `status_id` int unsigned NOT NULL,
  `requested_at` datetime DEFAULT CURRENT_TIMESTAMP,
  `confirmed_at` datetime DEFAULT NULL,
  PRIMARY KEY (`user_id`,`friend_id`)
) ENGINE=InnoDB DEFAULT CHARSET=utf8 COLLATE=utf8_unicode_ci;
/*!40101 SET character_set_client = @saved_cs_client */;

--
-- Dumping data for table `friendship`
--

LOCK TABLES `friendship` WRITE;
/*!40000 ALTER TABLE `friendship` DISABLE KEYS */;
INSERT INTO `friendship` VALUES (1,98,2,'2016-05-24 00:00:00','2017-05-18 00:00:00'),(6,163,2,'2016-12-02 00:00:00','2018-04-11 00:00:00'),(10,101,3,'2016-02-09 00:00:00','2016-12-02 00:00:00'),(10,165,1,'2018-06-14 00:00:00','2020-04-26 23:02:16'),(12,101,1,'2016-08-16 00:00:00','2018-03-13 00:00:00'),(12,197,2,'2016-06-13 00:00:00','2019-04-22 00:00:00'),(13,89,3,'2017-01-22 00:00:00','2020-04-26 23:02:16'),(17,83,1,'2016-08-19 00:00:00','2017-11-06 00:00:00'),(23,160,2,'2016-09-03 00:00:00','2017-01-26 00:00:00'),(24,130,1,'2018-02-24 00:00:00','2018-07-01 00:00:00'),(26,25,1,'2017-05-30 00:00:00','2018-12-15 00:00:00'),(27,75,2,'2017-04-14 00:00:00','2020-04-26 23:02:16'),(29,96,3,'2018-11-18 00:00:00','2020-04-26 23:02:16'),(29,189,3,'2019-03-27 00:00:00','2020-04-26 23:02:16'),(32,191,2,'2016-03-17 00:00:00','2017-04-21 00:00:00'),(33,155,1,'2016-01-10 00:00:00','2016-07-07 00:00:00'),(36,17,1,'2016-03-07 00:00:00','2017-05-07 00:00:00'),(41,137,2,'2017-07-10 00:00:00','2017-11-16 00:00:00'),(46,122,3,'2015-09-30 00:00:00','2018-01-05 00:00:00'),(46,156,1,'2018-11-08 00:00:00','2020-04-26 23:02:16'),(47,177,3,'2015-09-18 00:00:00','2018-03-29 00:00:00'),(49,192,3,'2018-09-06 00:00:00','2020-04-26 23:02:16'),(56,111,1,'2018-12-14 00:00:00','2020-04-26 23:02:16'),(56,119,2,'2015-05-28 00:00:00','2016-12-28 00:00:00'),(57,52,1,'2016-11-06 00:00:00','2018-12-02 00:00:00'),(57,67,3,'2018-09-17 00:00:00','2020-04-26 23:02:16'),(57,122,2,'2015-09-13 00:00:00','2018-06-01 00:00:00'),(58,117,2,'2019-01-16 00:00:00','2020-04-26 23:02:16'),(60,122,2,'2016-10-21 00:00:00','2017-10-12 00:00:00'),(60,179,3,'2015-07-30 00:00:00','2018-12-23 00:00:00'),(61,86,2,'2016-02-26 00:00:00','2019-03-24 00:00:00'),(67,30,3,'2018-09-21 00:00:00','2020-04-26 23:02:16'),(71,54,3,'2017-10-31 00:00:00','2020-04-26 23:02:16'),(71,190,3,'2017-09-05 00:00:00','2018-01-09 00:00:00'),(74,107,3,'2015-08-03 00:00:00','2018-08-13 00:00:00'),(76,183,1,'2017-07-30 00:00:00','2020-04-26 23:02:16'),(80,140,3,'2017-10-24 00:00:00','2020-04-26 23:02:16'),(84,71,1,'2017-01-07 00:00:00','2020-04-26 23:02:16'),(84,193,2,'2016-05-04 00:00:00','2016-07-02 00:00:00'),(86,127,3,'2015-04-28 00:00:00','2018-06-09 00:00:00'),(87,77,3,'2016-04-09 00:00:00','2017-05-11 00:00:00'),(88,144,2,'2016-01-29 00:00:00','2018-03-01 00:00:00'),(89,115,3,'2016-04-02 00:00:00','2016-06-04 00:00:00'),(90,20,1,'2017-09-21 00:00:00','2020-04-26 23:02:16'),(92,36,2,'2016-07-13 00:00:00','2017-12-17 00:00:00'),(93,101,3,'2018-03-05 00:00:00','2018-07-23 00:00:00'),(95,131,1,'2017-12-18 00:00:00','2020-04-26 23:02:16'),(96,161,1,'2015-12-23 00:00:00','2016-12-05 00:00:00'),(98,76,3,'2018-09-05 00:00:00','2020-04-26 23:02:16'),(103,102,1,'2018-02-24 00:00:00','2020-04-26 23:02:16'),(105,17,1,'2015-05-25 00:00:00','2017-10-02 00:00:00'),(106,186,3,'2019-03-19 00:00:00','2020-04-26 23:02:16'),(108,182,2,'2018-07-21 00:00:00','2020-04-26 23:02:16'),(112,36,1,'2015-10-26 00:00:00','2018-09-05 00:00:00'),(113,47,2,'2016-02-08 00:00:00','2019-02-26 00:00:00'),(113,106,1,'2017-10-03 00:00:00','2020-04-26 23:02:16'),(113,145,3,'2017-02-24 00:00:00','2020-04-26 23:02:16'),(113,185,3,'2017-03-04 00:00:00','2019-02-27 00:00:00'),(115,138,2,'2019-02-04 00:00:00','2020-04-26 23:02:16'),(118,53,2,'2016-08-21 00:00:00','2018-04-06 00:00:00'),(118,185,3,'2018-08-04 00:00:00','2020-04-26 23:02:16'),(119,109,3,'2015-09-21 00:00:00','2018-09-10 00:00:00'),(127,3,3,'2015-07-10 00:00:00','2017-11-13 00:00:00'),(129,156,3,'2019-02-15 00:00:00','2020-04-26 23:02:16'),(132,177,2,'2017-09-27 00:00:00','2017-10-15 00:00:00'),(137,114,1,'2016-01-02 00:00:00','2018-10-18 00:00:00'),(144,106,1,'2015-06-29 00:00:00','2018-04-20 00:00:00'),(146,140,3,'2018-02-15 00:00:00','2018-10-16 00:00:00'),(152,66,2,'2016-11-03 00:00:00','2020-04-26 23:02:16'),(153,71,3,'2018-07-08 00:00:00','2020-04-26 23:02:16'),(156,106,2,'2018-09-28 00:00:00','2020-04-26 23:02:16'),(158,49,3,'2018-11-01 00:00:00','2020-04-26 23:02:16'),(162,163,2,'2018-08-21 00:00:00','2020-04-26 23:02:16'),(163,1,2,'2017-05-15 00:00:00','2019-01-16 00:00:00'),(165,21,1,'2015-08-16 00:00:00','2017-03-06 00:00:00'),(167,185,1,'2018-09-05 00:00:00','2020-04-26 23:02:16'),(168,92,2,'2019-03-21 00:00:00','2020-04-26 23:02:16'),(171,99,3,'2016-09-24 00:00:00','2017-02-11 00:00:00'),(171,121,1,'2018-09-09 00:00:00','2020-04-26 23:02:16'),(172,67,3,'2015-12-09 00:00:00','2018-05-14 00:00:00'),(173,6,3,'2016-04-21 00:00:00','2017-11-22 00:00:00'),(173,87,3,'2018-05-23 00:00:00','2020-04-26 23:02:16'),(173,178,3,'2015-09-21 00:00:00','2017-03-31 00:00:00'),(174,60,1,'2016-02-12 00:00:00','2018-10-06 00:00:00'),(176,28,2,'2018-02-06 00:00:00','2020-04-26 23:02:16'),(177,97,1,'2018-11-03 00:00:00','2020-04-26 23:02:16'),(180,119,1,'2016-08-01 00:00:00','2020-04-26 23:02:16'),(182,12,3,'2019-02-01 00:00:00','2020-04-26 23:02:16'),(184,87,3,'2018-05-13 00:00:00','2018-09-15 00:00:00'),(184,173,3,'2019-03-29 00:00:00','2020-04-26 23:02:16'),(185,168,2,'2017-10-15 00:00:00','2018-01-13 00:00:00'),(186,196,3,'2015-11-30 00:00:00','2017-10-12 00:00:00'),(187,11,3,'2018-11-20 00:00:00','2020-04-26 23:02:16'),(189,28,1,'2015-05-18 00:00:00','2016-09-17 00:00:00'),(189,126,3,'2016-11-24 00:00:00','2017-10-28 00:00:00'),(190,84,3,'2019-01-22 00:00:00','2020-04-26 23:02:16'),(192,73,1,'2017-04-09 00:00:00','2020-04-26 23:02:16'),(194,76,1,'2017-11-13 00:00:00','2020-04-26 23:02:16'),(194,82,3,'2018-03-19 00:00:00','2019-01-16 00:00:00'),(196,152,3,'2018-02-19 00:00:00','2020-04-26 23:02:16');
/*!40000 ALTER TABLE `friendship` ENABLE KEYS */;
UNLOCK TABLES;

--
-- Table structure for table `friendship_statuses`
--

DROP TABLE IF EXISTS `friendship_statuses`;
/*!40101 SET @saved_cs_client     = @@character_set_client */;
/*!50503 SET character_set_client = utf8mb4 */;
CREATE TABLE `friendship_statuses` (
  `id` int unsigned NOT NULL AUTO_INCREMENT,
  `name` varchar(150) CHARACTER SET utf8 COLLATE utf8_unicode_ci NOT NULL,
  PRIMARY KEY (`id`),
  UNIQUE KEY `name` (`name`)
) ENGINE=InnoDB AUTO_INCREMENT=4 DEFAULT CHARSET=utf8 COLLATE=utf8_unicode_ci;
/*!40101 SET character_set_client = @saved_cs_client */;

--
-- Dumping data for table `friendship_statuses`
--

LOCK TABLES `friendship_statuses` WRITE;
/*!40000 ALTER TABLE `friendship_statuses` DISABLE KEYS */;
INSERT INTO `friendship_statuses` VALUES (2,'Confirmed'),(3,'Rejected'),(1,'Requested');
/*!40000 ALTER TABLE `friendship_statuses` ENABLE KEYS */;
UNLOCK TABLES;

--
-- Table structure for table `media`
--

DROP TABLE IF EXISTS `media`;
/*!40101 SET @saved_cs_client     = @@character_set_client */;
/*!50503 SET character_set_client = utf8mb4 */;
CREATE TABLE `media` (
  `id` int unsigned NOT NULL AUTO_INCREMENT,
  `media_type_id` int unsigned NOT NULL,
  `user_id` int unsigned NOT NULL,
  `filename` varchar(255) CHARACTER SET utf8 COLLATE utf8_unicode_ci NOT NULL,
  `size` int NOT NULL,
  `metadata` json DEFAULT NULL,
  `created_at` datetime DEFAULT CURRENT_TIMESTAMP,
  `updated_at` datetime DEFAULT CURRENT_TIMESTAMP ON UPDATE CURRENT_TIMESTAMP,
  PRIMARY KEY (`id`)
) ENGINE=InnoDB AUTO_INCREMENT=101 DEFAULT CHARSET=utf8 COLLATE=utf8_unicode_ci;
/*!40101 SET character_set_client = @saved_cs_client */;

--
-- Dumping data for table `media`
--

LOCK TABLES `media` WRITE;
/*!40000 ALTER TABLE `media` DISABLE KEYS */;
INSERT INTO `media` VALUES (1,1,69,'https://dropbox/vk/https://dropbox.com/vk/qui.avi',135879,'{\"owner\": \"Ursula Feest\"}','2017-09-22 09:23:43','2020-04-26 22:44:49'),(2,1,11,'https://dropbox/vk/https://dropbox.com/vk/et.png',98474,'{\"owner\": \"Wade Dare\"}','2017-10-16 18:45:57','2020-04-26 22:44:49'),(3,3,50,'https://dropbox/vk/https://dropbox.com/vk/sit.mpg',87683,'{\"owner\": \"Reymundo Kerluke\"}','2018-08-07 13:07:07','2020-04-26 22:44:49'),(4,2,15,'https://dropbox/vk/https://dropbox.com/vk/occaecati.jpeg',930466,'{\"owner\": \"Fabiola Barrows\"}','2019-06-15 23:59:13','2020-04-26 22:44:49'),(5,1,23,'https://dropbox/vk/https://dropbox.com/vk/libero.mpg',7402170,'{\"owner\": \"Vella Crooks\"}','2017-09-22 18:38:26','2020-04-26 22:44:49'),(6,2,72,'https://dropbox/vk/https://dropbox.com/vk/corporis.jpeg',230547,'{\"owner\": \"Leta Keebler\"}','2017-11-22 05:58:14','2020-04-26 22:44:49'),(7,2,89,'https://dropbox/vk/https://dropbox.com/vk/dolorem.avi',977622,'{\"owner\": \"Alex Nikolaus\"}','2018-09-20 15:46:51','2020-04-26 22:44:49'),(8,2,29,'https://dropbox/vk/https://dropbox.com/vk/voluptas.mpg',261336,'{\"owner\": \"Jeanie Konopelski\"}','2020-02-26 22:45:06','2020-04-26 22:44:49'),(9,2,76,'https://dropbox/vk/https://dropbox.com/vk/consequatur.png',515041,'{\"owner\": \"Rhett Hintz\"}','2012-10-20 11:47:42','2020-04-26 22:44:49'),(10,1,94,'https://dropbox/vk/https://dropbox.com/vk/quia.mpg',9933030,'{\"owner\": \"Tristian Moore\"}','2015-09-26 22:14:25','2020-04-26 22:44:49'),(11,3,40,'https://dropbox/vk/https://dropbox.com/vk/accusamus.jpeg',80880,'{\"owner\": \"Rachael Kutch\"}','2017-06-27 21:21:06','2020-04-26 22:44:49'),(12,3,19,'https://dropbox/vk/https://dropbox.com/vk/ex.jpeg',830832,'{\"owner\": \"Merlin Brown\"}','2019-05-16 10:34:19','2020-04-26 22:44:49'),(13,3,76,'https://dropbox/vk/https://dropbox.com/vk/tempore.mpg',36872674,'{\"owner\": \"Rhett Hintz\"}','2019-08-05 08:48:39','2020-04-26 22:44:49'),(14,2,20,'https://dropbox/vk/https://dropbox.com/vk/perferendis.avi',81833,'{\"owner\": \"Nina Ullrich\"}','2019-11-18 20:41:10','2020-04-26 22:44:49'),(15,2,71,'https://dropbox/vk/https://dropbox.com/vk/nobis.avi',906670,'{\"owner\": \"Frank Hegmann\"}','2016-11-16 13:03:19','2020-04-26 22:44:49'),(16,1,95,'https://dropbox/vk/https://dropbox.com/vk/dolores.jpeg',277850,'{\"owner\": \"Alexa Emmerich\"}','2012-11-16 16:29:38','2020-04-26 22:44:49'),(17,3,64,'https://dropbox/vk/https://dropbox.com/vk/quia.png',659242,'{\"owner\": \"Garrick Mitchell\"}','2015-12-16 18:40:03','2020-04-26 22:44:49'),(18,2,33,'https://dropbox/vk/https://dropbox.com/vk/facilis.mpg',8979609,'{\"owner\": \"Dawn Marvin\"}','2011-06-02 22:04:03','2020-04-26 22:44:49'),(19,2,71,'https://dropbox/vk/https://dropbox.com/vk/nostrum.avi',691198,'{\"owner\": \"Frank Hegmann\"}','2013-11-03 23:41:49','2020-04-26 22:44:49'),(20,1,55,'https://dropbox/vk/https://dropbox.com/vk/quae.png',452662,'{\"owner\": \"Edythe Kunde\"}','2015-05-29 11:51:53','2020-04-26 22:44:49'),(21,1,63,'https://dropbox/vk/https://dropbox.com/vk/libero.avi',790167420,'{\"owner\": \"Kiel O\'Keefe\"}','2015-12-05 13:13:55','2020-04-26 22:44:49'),(22,2,48,'https://dropbox/vk/https://dropbox.com/vk/laborum.jpeg',275581,'{\"owner\": \"Rasheed Mraz\"}','2019-12-09 05:11:29','2020-04-26 22:44:49'),(23,2,52,'https://dropbox/vk/https://dropbox.com/vk/culpa.png',5340854,'{\"owner\": \"Ricardo Pagac\"}','2013-08-22 19:40:19','2020-04-26 22:44:49'),(24,2,14,'https://dropbox/vk/https://dropbox.com/vk/veritatis.mpg',5965728,'{\"owner\": \"Roxane Crona\"}','2019-10-19 22:56:01','2020-04-26 22:44:49'),(25,2,15,'https://dropbox/vk/https://dropbox.com/vk/est.avi',89779,'{\"owner\": \"Fabiola Barrows\"}','2014-10-07 15:20:09','2020-04-26 22:44:49'),(26,2,31,'https://dropbox/vk/https://dropbox.com/vk/aut.png',1009921,'{\"owner\": \"Cyril Connelly\"}','2014-12-14 06:33:05','2020-04-26 22:44:49'),(27,1,12,'https://dropbox/vk/https://dropbox.com/vk/ut.jpeg',34344314,'{\"owner\": \"Lucile Berge\"}','2013-03-22 03:59:05','2020-04-26 22:44:49'),(28,2,64,'https://dropbox/vk/https://dropbox.com/vk/laboriosam.png',212863,'{\"owner\": \"Garrick Mitchell\"}','2010-10-09 07:25:28','2020-04-26 22:44:49'),(29,2,86,'https://dropbox/vk/https://dropbox.com/vk/ipsam.jpeg',703039,'{\"owner\": \"Lizeth Rohan\"}','2010-06-11 06:32:30','2020-04-26 22:44:49'),(30,1,38,'https://dropbox/vk/https://dropbox.com/vk/eos.mpg',7364082,'{\"owner\": \"Sabrina Williamson\"}','2015-05-31 13:32:58','2020-04-26 22:44:49'),(31,2,30,'https://dropbox/vk/https://dropbox.com/vk/ipsa.avi',810868,'{\"owner\": \"Jerel Reilly\"}','2019-01-05 04:47:25','2020-04-26 22:44:49'),(32,1,37,'https://dropbox/vk/https://dropbox.com/vk/similique.avi',880746,'{\"owner\": \"Jess Brakus\"}','2016-11-22 11:29:45','2020-04-26 22:44:49'),(33,1,92,'https://dropbox/vk/https://dropbox.com/vk/harum.mpg',474182,'{\"owner\": \"Lionel Gutmann\"}','2020-01-26 17:20:41','2020-04-26 22:44:49'),(34,1,51,'https://dropbox/vk/https://dropbox.com/vk/ab.png',287246,'{\"owner\": \"Hailee Conroy\"}','2014-01-02 01:48:40','2020-04-26 22:44:49'),(35,2,77,'https://dropbox/vk/https://dropbox.com/vk/quo.mpg',1003687,'{\"owner\": \"Ari Prosacco\"}','2014-11-23 04:41:36','2020-04-26 22:44:49'),(36,1,32,'https://dropbox/vk/https://dropbox.com/vk/quam.jpeg',146696,'{\"owner\": \"Laury Kautzer\"}','2015-09-23 23:45:48','2020-04-26 22:44:49'),(37,1,29,'https://dropbox/vk/https://dropbox.com/vk/facilis.png',871124,'{\"owner\": \"Jeanie Konopelski\"}','2013-05-25 19:40:14','2020-04-26 22:44:49'),(38,3,49,'https://dropbox/vk/https://dropbox.com/vk/sed.mpg',613386,'{\"owner\": \"Angeline Ferry\"}','2018-09-28 15:09:35','2020-04-26 22:44:49'),(39,2,58,'https://dropbox/vk/https://dropbox.com/vk/dolores.png',353555,'{\"owner\": \"Kenny Cole\"}','2017-11-27 09:39:23','2020-04-26 22:44:49'),(40,3,43,'https://dropbox/vk/https://dropbox.com/vk/autem.mpg',827621,'{\"owner\": \"Jadyn Bergnaum\"}','2018-05-15 06:51:25','2020-04-26 22:44:49'),(41,2,41,'https://dropbox/vk/https://dropbox.com/vk/illo.png',712422,'{\"owner\": \"Norwood Jacobi\"}','2014-11-17 03:31:31','2020-04-26 22:44:49'),(42,2,75,'https://dropbox/vk/https://dropbox.com/vk/officia.mpg',119103638,'{\"owner\": \"Percy Huel\"}','2014-10-11 02:00:43','2020-04-26 22:44:49'),(43,1,52,'https://dropbox/vk/https://dropbox.com/vk/tenetur.jpeg',977439,'{\"owner\": \"Ricardo Pagac\"}','2013-11-04 03:06:26','2020-04-26 22:44:49'),(44,3,34,'https://dropbox/vk/https://dropbox.com/vk/ratione.jpeg',82608709,'{\"owner\": \"Raphael Fadel\"}','2012-12-01 00:46:12','2020-04-26 22:44:49'),(45,3,14,'https://dropbox/vk/https://dropbox.com/vk/aliquam.png',112021,'{\"owner\": \"Roxane Crona\"}','2018-03-15 01:32:13','2020-04-26 22:44:49'),(46,3,69,'https://dropbox/vk/https://dropbox.com/vk/ex.avi',412839,'{\"owner\": \"Ursula Feest\"}','2013-08-07 22:49:21','2020-04-26 22:44:49'),(47,2,2,'https://dropbox/vk/https://dropbox.com/vk/pariatur.avi',6092137,'{\"owner\": \"Skye Denesik\"}','2020-04-09 22:32:02','2020-04-26 22:44:49'),(48,2,2,'https://dropbox/vk/https://dropbox.com/vk/eos.mpg',304334,'{\"owner\": \"Skye Denesik\"}','2015-08-17 13:15:22','2020-04-26 22:44:49'),(49,3,2,'https://dropbox/vk/https://dropbox.com/vk/pariatur.jpeg',47065202,'{\"owner\": \"Skye Denesik\"}','2011-12-01 03:01:05','2020-04-26 22:44:49'),(50,2,6,'https://dropbox/vk/https://dropbox.com/vk/sapiente.avi',92704,'{\"owner\": \"Cierra Frami\"}','2015-03-17 02:56:49','2020-04-26 22:44:49'),(51,2,21,'https://dropbox/vk/https://dropbox.com/vk/ipsum.mpg',718131,'{\"owner\": \"Eugene Kling\"}','2016-11-01 21:11:22','2020-04-26 22:44:49'),(52,2,88,'https://dropbox/vk/https://dropbox.com/vk/minus.mpg',342140,'{\"owner\": \"Neva Langosh\"}','2017-12-01 19:42:07','2020-04-26 22:44:49'),(53,2,78,'https://dropbox/vk/https://dropbox.com/vk/vel.png',51846769,'{\"owner\": \"Kathleen Conn\"}','2018-09-10 18:37:59','2020-04-26 22:44:49'),(54,1,25,'https://dropbox/vk/https://dropbox.com/vk/totam.png',691962288,'{\"owner\": \"Araceli Kris\"}','2011-03-16 16:18:27','2020-04-26 22:44:49'),(55,3,89,'https://dropbox/vk/https://dropbox.com/vk/necessitatibus.png',84048,'{\"owner\": \"Alex Nikolaus\"}','2011-07-05 12:33:59','2020-04-26 22:44:49'),(56,3,72,'https://dropbox/vk/https://dropbox.com/vk/eius.png',546307,'{\"owner\": \"Leta Keebler\"}','2019-07-14 14:28:11','2020-04-26 22:44:49'),(57,2,90,'https://dropbox/vk/https://dropbox.com/vk/et.png',695118,'{\"owner\": \"Meredith Cremin\"}','2015-11-23 14:46:21','2020-04-26 22:44:49'),(58,1,33,'https://dropbox/vk/https://dropbox.com/vk/voluptates.mpg',826667,'{\"owner\": \"Dawn Marvin\"}','2016-12-10 16:51:21','2020-04-26 22:44:49'),(59,3,94,'https://dropbox/vk/https://dropbox.com/vk/unde.png',489353,'{\"owner\": \"Tristian Moore\"}','2014-01-23 06:48:50','2020-04-26 22:44:49'),(60,1,70,'https://dropbox/vk/https://dropbox.com/vk/quod.png',699920,'{\"owner\": \"Edythe Ruecker\"}','2019-02-03 02:26:11','2020-04-26 22:44:49'),(61,2,70,'https://dropbox/vk/https://dropbox.com/vk/consequatur.jpeg',77279937,'{\"owner\": \"Edythe Ruecker\"}','2018-12-12 03:58:54','2020-04-26 22:44:49'),(62,3,39,'https://dropbox/vk/https://dropbox.com/vk/voluptas.jpeg',433763,'{\"owner\": \"Clara Kemmer\"}','2010-06-12 06:21:04','2020-04-26 22:44:49'),(63,1,85,'https://dropbox/vk/https://dropbox.com/vk/consequatur.avi',375647,'{\"owner\": \"Luigi Halvorson\"}','2019-08-03 07:27:45','2020-04-26 22:44:49'),(64,3,7,'https://dropbox/vk/https://dropbox.com/vk/reiciendis.png',768475,'{\"owner\": \"Rylee Collins\"}','2010-04-28 03:25:15','2020-04-26 22:44:49'),(65,2,81,'https://dropbox/vk/https://dropbox.com/vk/saepe.jpeg',68288,'{\"owner\": \"Ruth Gutmann\"}','2018-01-12 13:45:40','2020-04-26 22:44:49'),(66,1,83,'https://dropbox/vk/https://dropbox.com/vk/qui.mpg',40701308,'{\"owner\": \"Clementine Heller\"}','2011-10-21 13:53:14','2020-04-26 22:44:49'),(67,3,72,'https://dropbox/vk/https://dropbox.com/vk/voluptatum.png',36825920,'{\"owner\": \"Leta Keebler\"}','2017-03-28 10:47:52','2020-04-26 22:44:49'),(68,3,12,'https://dropbox/vk/https://dropbox.com/vk/nam.png',29071556,'{\"owner\": \"Lucile Berge\"}','2014-02-23 10:37:32','2020-04-26 22:44:49'),(69,2,42,'https://dropbox/vk/https://dropbox.com/vk/architecto.avi',705434,'{\"owner\": \"Effie Kertzmann\"}','2018-08-22 07:24:48','2020-04-26 22:44:49'),(70,1,73,'https://dropbox/vk/https://dropbox.com/vk/sit.mpg',318423140,'{\"owner\": \"Audra O\'Conner\"}','2014-04-20 15:30:13','2020-04-26 22:44:49'),(71,1,40,'https://dropbox/vk/https://dropbox.com/vk/quis.mpg',80797397,'{\"owner\": \"Rachael Kutch\"}','2013-05-22 04:31:38','2020-04-26 22:44:49'),(72,3,81,'https://dropbox/vk/https://dropbox.com/vk/rerum.avi',600755,'{\"owner\": \"Ruth Gutmann\"}','2017-08-29 02:02:00','2020-04-26 22:44:49'),(73,2,84,'https://dropbox/vk/https://dropbox.com/vk/rerum.jpeg',63967000,'{\"owner\": \"Mazie Grimes\"}','2010-07-27 09:10:45','2020-04-26 22:44:49'),(74,1,76,'https://dropbox/vk/https://dropbox.com/vk/veniam.jpeg',211747,'{\"owner\": \"Rhett Hintz\"}','2017-11-16 23:51:09','2020-04-26 22:44:49'),(75,1,26,'https://dropbox/vk/https://dropbox.com/vk/rerum.avi',932432,'{\"owner\": \"Alycia Wehner\"}','2015-12-23 06:38:24','2020-04-26 22:44:49'),(76,3,2,'https://dropbox/vk/https://dropbox.com/vk/nesciunt.mpg',602486,'{\"owner\": \"Skye Denesik\"}','2019-09-30 11:42:54','2020-04-26 22:44:49'),(77,3,32,'https://dropbox/vk/https://dropbox.com/vk/cumque.jpeg',110166,'{\"owner\": \"Laury Kautzer\"}','2012-10-28 16:01:16','2020-04-26 22:44:49'),(78,3,55,'https://dropbox/vk/https://dropbox.com/vk/iure.jpeg',277298,'{\"owner\": \"Edythe Kunde\"}','2015-07-26 09:01:22','2020-04-26 22:44:49'),(79,3,79,'https://dropbox/vk/https://dropbox.com/vk/maiores.png',839543,'{\"owner\": \"Caterina DuBuque\"}','2017-01-10 23:13:45','2020-04-26 22:44:49'),(80,3,30,'https://dropbox/vk/https://dropbox.com/vk/nostrum.avi',643375,'{\"owner\": \"Jerel Reilly\"}','2014-02-04 12:39:16','2020-04-26 22:44:49'),(81,3,13,'https://dropbox/vk/https://dropbox.com/vk/et.avi',786375,'{\"owner\": \"Rahul Jacobi\"}','2014-09-28 06:37:53','2020-04-26 22:44:49'),(82,2,73,'https://dropbox/vk/https://dropbox.com/vk/ex.avi',325733,'{\"owner\": \"Audra O\'Conner\"}','2019-06-01 23:46:29','2020-04-26 22:44:49'),(83,1,27,'https://dropbox/vk/https://dropbox.com/vk/velit.avi',786775,'{\"owner\": \"Bobby Schmeler\"}','2013-02-04 01:44:17','2020-04-26 22:44:49'),(84,2,15,'https://dropbox/vk/https://dropbox.com/vk/voluptatum.jpeg',946675,'{\"owner\": \"Fabiola Barrows\"}','2012-07-23 12:56:36','2020-04-26 22:44:49'),(85,3,92,'https://dropbox/vk/https://dropbox.com/vk/qui.avi',967758903,'{\"owner\": \"Lionel Gutmann\"}','2015-06-11 16:10:53','2020-04-26 22:44:49'),(86,1,14,'https://dropbox/vk/https://dropbox.com/vk/ut.jpeg',14422429,'{\"owner\": \"Roxane Crona\"}','2010-06-01 12:54:53','2020-04-26 22:44:49'),(87,2,93,'https://dropbox/vk/https://dropbox.com/vk/id.avi',363050,'{\"owner\": \"Randal McClure\"}','2011-04-15 20:14:39','2020-04-26 22:44:49'),(88,3,22,'https://dropbox/vk/https://dropbox.com/vk/illum.png',70204377,'{\"owner\": \"Camila Ward\"}','2017-04-29 02:53:52','2020-04-26 22:44:49'),(89,3,31,'https://dropbox/vk/https://dropbox.com/vk/et.mpg',965227,'{\"owner\": \"Cyril Connelly\"}','2018-03-04 20:27:09','2020-04-26 22:44:49'),(90,1,90,'https://dropbox/vk/https://dropbox.com/vk/dignissimos.jpeg',83870137,'{\"owner\": \"Meredith Cremin\"}','2020-04-15 08:43:57','2020-04-26 22:44:49'),(91,1,54,'https://dropbox/vk/https://dropbox.com/vk/vel.jpeg',490930769,'{\"owner\": \"Hudson Gulgowski\"}','2010-11-08 00:28:36','2020-04-26 22:44:49'),(92,3,99,'https://dropbox/vk/https://dropbox.com/vk/voluptas.mpg',726985,'{\"owner\": \"Georgiana Mayer\"}','2011-11-11 20:47:30','2020-04-26 22:44:49'),(93,3,35,'https://dropbox/vk/https://dropbox.com/vk/aliquam.mpg',973502,'{\"owner\": \"Maryse Fisher\"}','2018-09-21 13:25:59','2020-04-26 22:44:49'),(94,1,77,'https://dropbox/vk/https://dropbox.com/vk/amet.png',729245,'{\"owner\": \"Ari Prosacco\"}','2018-05-31 07:04:09','2020-04-26 22:44:49'),(95,3,80,'https://dropbox/vk/https://dropbox.com/vk/reiciendis.avi',901750,'{\"owner\": \"Brian Pfeffer\"}','2012-09-22 11:15:16','2020-04-26 22:44:49'),(96,2,70,'https://dropbox/vk/https://dropbox.com/vk/dolorum.jpeg',162052212,'{\"owner\": \"Edythe Ruecker\"}','2019-12-16 05:43:20','2020-04-26 22:44:49'),(97,3,8,'https://dropbox/vk/https://dropbox.com/vk/ut.jpeg',455270,'{\"owner\": \"Nayeli Lind\"}','2010-06-29 04:14:06','2020-04-26 22:44:49'),(98,3,29,'https://dropbox/vk/https://dropbox.com/vk/sunt.avi',78614,'{\"owner\": \"Jeanie Konopelski\"}','2012-07-01 16:33:09','2020-04-26 22:44:49'),(99,2,22,'https://dropbox/vk/https://dropbox.com/vk/temporibus.png',1049625,'{\"owner\": \"Camila Ward\"}','2013-08-15 01:44:48','2020-04-26 22:44:49'),(100,2,22,'https://dropbox/vk/https://dropbox.com/vk/asperiores.mpg',442878,'{\"owner\": \"Camila Ward\"}','2017-12-09 03:17:51','2020-04-26 22:44:49');
/*!40000 ALTER TABLE `media` ENABLE KEYS */;
UNLOCK TABLES;

--
-- Table structure for table `media_types`
--

DROP TABLE IF EXISTS `media_types`;
/*!40101 SET @saved_cs_client     = @@character_set_client */;
/*!50503 SET character_set_client = utf8mb4 */;
CREATE TABLE `media_types` (
  `id` int unsigned NOT NULL AUTO_INCREMENT,
  `name` varchar(255) CHARACTER SET utf8 COLLATE utf8_unicode_ci NOT NULL,
  PRIMARY KEY (`id`),
  UNIQUE KEY `name` (`name`)
) ENGINE=InnoDB AUTO_INCREMENT=4 DEFAULT CHARSET=utf8 COLLATE=utf8_unicode_ci;
/*!40101 SET character_set_client = @saved_cs_client */;

--
-- Dumping data for table `media_types`
--

LOCK TABLES `media_types` WRITE;
/*!40000 ALTER TABLE `media_types` DISABLE KEYS */;
INSERT INTO `media_types` VALUES (3,'audio'),(1,'photo'),(2,'video');
/*!40000 ALTER TABLE `media_types` ENABLE KEYS */;
UNLOCK TABLES;

--
-- Table structure for table `messages`
--

DROP TABLE IF EXISTS `messages`;
/*!40101 SET @saved_cs_client     = @@character_set_client */;
/*!50503 SET character_set_client = utf8mb4 */;
CREATE TABLE `messages` (
  `id` int unsigned NOT NULL AUTO_INCREMENT,
  `from_user_id` int unsigned NOT NULL,
  `to_user_id` int unsigned NOT NULL,
  `community_id` int unsigned NOT NULL,
  `body` text CHARACTER SET utf8 COLLATE utf8_unicode_ci NOT NULL,
  `is_important` tinyint(1) DEFAULT NULL,
  `is_delivered` tinyint(1) DEFAULT NULL,
  `created_at` datetime DEFAULT CURRENT_TIMESTAMP,
  PRIMARY KEY (`id`)
) ENGINE=InnoDB AUTO_INCREMENT=101 DEFAULT CHARSET=utf8 COLLATE=utf8_unicode_ci;
/*!40101 SET character_set_client = @saved_cs_client */;

--
-- Dumping data for table `messages`
--

LOCK TABLES `messages` WRITE;
/*!40000 ALTER TABLE `messages` DISABLE KEYS */;
INSERT INTO `messages` VALUES (1,69,84,1,'Repellat et debitis omnis esse.',0,0,'2020-04-04 12:07:31'),(2,11,4,2,'Et omnis facere ipsa dolorum repellat unde voluptatem.',0,1,'2019-09-23 02:28:53'),(3,86,17,3,'Maiores quis quia et odio.',1,1,'2020-01-30 05:24:08'),(4,25,75,4,'Iure rerum sint expedita.',0,1,'2020-03-12 01:25:44'),(5,1,78,5,'Quos sed quo sunt est.',0,1,'2019-12-20 12:40:44'),(6,88,3,6,'Illum voluptatem fugit qui et aliquid.',0,0,'2019-12-17 15:53:52'),(7,51,45,7,'Et officiis est inventore quia.',0,0,'2020-01-17 04:35:36'),(8,73,31,8,'Et saepe vel error quia.',1,1,'2019-06-26 00:22:38'),(9,34,76,9,'Est aut illo laborum.',0,1,'2020-04-17 01:34:46'),(10,77,59,10,'Ut qui deserunt vitae sed.',1,1,'2019-12-05 04:08:18'),(11,62,32,11,'Perspiciatis et repellat ipsum quis repellat.',1,0,'2019-10-30 18:32:32'),(12,75,77,12,'Nam architecto fugiat qui iste.',1,0,'2020-03-14 05:30:02'),(13,62,77,13,'Exercitationem quo aut repellendus eaque autem aut.',0,0,'2020-01-04 14:58:27'),(14,97,54,14,'Sapiente corrupti est reiciendis deleniti.',0,0,'2019-08-07 20:20:16'),(15,78,29,15,'Porro vitae provident nemo non molestiae et.',0,1,'2019-09-08 03:54:48'),(16,10,61,16,'Nulla dolores sit eligendi aut accusamus enim.',0,1,'2019-10-29 14:39:19'),(17,75,92,17,'Et pariatur eum aut ipsum quia.',0,1,'2019-07-16 13:52:43'),(18,36,3,18,'Nihil ut libero assumenda accusamus nam rem.',1,0,'2019-11-30 11:10:28'),(19,6,20,19,'Ut est maxime quasi.',1,1,'2020-04-02 23:02:12'),(20,83,54,20,'Voluptatem quibusdam veniam illo necessitatibus.',0,1,'2019-12-31 12:52:57'),(21,21,40,21,'Laudantium quo et sapiente omnis voluptas omnis esse quia.',1,1,'2019-09-27 01:07:35'),(22,38,70,22,'Ut qui minus odio soluta.',0,1,'2019-10-09 21:42:36'),(23,34,61,23,'Et dolorem quaerat quia illum incidunt.',1,1,'2019-08-19 12:01:27'),(24,3,29,24,'Et officia illo dolores.',0,1,'2019-07-06 22:06:26'),(25,36,94,25,'Est laboriosam tempore inventore consequuntur eius et.',0,1,'2019-08-07 20:03:59'),(26,61,20,26,'Et assumenda ducimus aut ipsa ut.',1,1,'2019-09-20 06:16:39'),(27,20,38,27,'Sequi velit iste blanditiis.',0,1,'2020-02-25 10:00:55'),(28,31,40,28,'Quod maiores quos occaecati quis labore rerum.',0,1,'2019-04-30 22:17:36'),(29,7,13,29,'Animi at qui similique quae commodi nihil itaque quisquam.',0,0,'2020-03-23 22:37:32'),(30,44,80,30,'Inventore modi reiciendis est optio amet autem.',1,1,'2019-10-09 13:24:40'),(31,67,96,31,'Quia eum illo rerum mollitia omnis.',0,0,'2020-01-21 00:24:18'),(32,79,4,32,'Officia nostrum voluptatem eaque voluptates.',0,0,'2019-09-13 18:14:32'),(33,84,8,33,'Ut possimus qui ipsa magni ipsum.',0,1,'2019-12-31 02:21:13'),(34,89,19,34,'Sed sit nostrum aut ea et expedita et soluta.',0,0,'2019-08-04 19:29:18'),(35,28,82,35,'Et repellat voluptatem accusantium deleniti laboriosam officia iusto.',1,0,'2019-10-01 12:14:33'),(36,27,87,36,'Dolorem qui quasi ea ullam ipsum fugit.',0,0,'2020-02-11 00:00:37'),(37,56,15,37,'Veritatis quia nisi nam possimus quaerat.',1,1,'2019-12-16 13:28:10'),(38,10,2,38,'Accusantium animi eligendi necessitatibus id harum temporibus.',1,0,'2019-07-14 19:05:44'),(39,79,89,39,'Et et quo ratione expedita et qui.',1,0,'2019-05-29 15:13:46'),(40,7,68,40,'Est ea quia et.',0,0,'2020-03-03 02:13:34'),(41,20,94,41,'Iste et dolor esse rem.',1,0,'2020-04-17 08:58:36'),(42,10,69,42,'Quas impedit voluptate consequatur ea sunt eius accusamus.',1,1,'2019-06-20 02:06:07'),(43,11,51,43,'Et minima eligendi quam quae sit laboriosam iste molestias.',0,0,'2019-08-30 23:01:22'),(44,18,39,44,'Ullam omnis velit et autem illum nihil excepturi.',1,1,'2019-12-30 10:59:03'),(45,40,81,45,'Et neque harum qui tenetur veniam est eius.',1,0,'2019-12-26 19:44:54'),(46,84,76,46,'Voluptas illum consequatur molestias doloribus autem.',0,1,'2020-02-27 12:56:52'),(47,30,19,47,'Nemo eum enim voluptatem sint enim odit.',1,1,'2019-08-20 03:20:14'),(48,7,78,48,'Sint unde quia eum consectetur numquam est commodi optio.',0,1,'2019-05-19 22:46:00'),(49,69,11,49,'Deserunt quos et explicabo labore.',1,1,'2019-08-27 04:37:46'),(50,48,3,50,'Id non esse et et rerum facilis.',0,1,'2019-06-24 16:49:58'),(51,74,59,51,'Quibusdam voluptatem velit rem architecto aut at.',0,0,'2019-10-04 18:58:14'),(52,75,94,52,'Natus dolores et et hic enim in.',1,1,'2019-12-24 19:56:36'),(53,45,43,53,'Tempora autem voluptatem voluptates voluptatem.',0,0,'2019-11-11 00:24:44'),(54,80,68,54,'Eius necessitatibus nam ex laboriosam vel numquam autem suscipit.',0,0,'2019-07-10 23:10:23'),(55,1,3,55,'Dolores enim consectetur aspernatur veritatis vitae ut.',0,0,'2020-02-19 12:15:25'),(56,8,32,56,'Minus voluptatibus quae velit sit aperiam.',0,1,'2019-07-21 17:29:24'),(57,34,73,57,'Sit aut earum repellat et illo ut voluptatem.',0,1,'2019-12-28 18:50:06'),(58,66,7,58,'Aut aperiam molestias dignissimos officia blanditiis.',0,1,'2019-10-29 07:32:00'),(59,36,60,59,'Dignissimos maiores necessitatibus maiores qui.',0,1,'2020-03-08 20:15:24'),(60,93,84,60,'Pariatur soluta fuga totam sunt cupiditate deserunt eveniet.',0,0,'2019-11-14 22:28:41'),(61,41,52,61,'Assumenda omnis deserunt eveniet alias quis deleniti.',0,1,'2019-12-26 03:43:43'),(62,38,31,62,'Rerum officia quas soluta illo voluptatum qui dolorum.',1,1,'2019-07-13 14:08:04'),(63,42,15,63,'Est optio soluta veniam cupiditate et.',0,0,'2019-10-31 02:21:33'),(64,51,8,64,'Illum sit itaque exercitationem voluptatem.',1,0,'2019-08-17 04:01:18'),(65,87,11,65,'Cum non quod vitae repellendus dicta.',1,0,'2019-11-12 13:47:50'),(66,91,23,66,'Et eligendi aperiam ipsum facilis.',1,1,'2019-06-30 05:04:38'),(67,43,46,67,'Doloribus quibusdam nostrum nemo et ut.',1,1,'2019-11-26 17:09:42'),(68,98,51,68,'Perferendis nulla sint consectetur ut minima quo sit vel.',1,1,'2019-05-12 05:51:22'),(69,63,60,69,'Fugiat accusamus est quasi rerum itaque voluptas.',0,1,'2019-05-13 00:07:24'),(70,9,64,70,'Et quaerat eaque architecto.',1,1,'2020-04-11 17:20:11'),(71,95,84,71,'Et quia est adipisci eum nesciunt corporis tenetur voluptas.',0,0,'2019-06-30 14:10:27'),(72,32,7,72,'Iusto vel voluptates voluptas accusantium.',0,1,'2019-05-13 23:20:20'),(73,40,80,73,'Ea quibusdam omnis sunt sunt ullam.',0,0,'2019-10-13 20:58:07'),(74,78,52,74,'Hic et quis quo id illo eius sint.',0,0,'2019-07-14 15:19:50'),(75,22,56,75,'Est qui incidunt rerum quo autem est.',0,0,'2019-07-16 18:35:59'),(76,13,96,76,'Nobis quo aut nihil nihil vel omnis.',1,0,'2019-05-17 17:58:24'),(77,39,9,77,'Deleniti alias quae et.',1,1,'2020-01-28 08:32:01'),(78,28,13,78,'Quod velit nostrum praesentium tempore quasi maiores illo.',0,0,'2019-08-26 02:35:18'),(79,81,63,79,'Explicabo iste consectetur excepturi et ipsa architecto pariatur quisquam.',1,1,'2020-01-05 09:42:31'),(80,73,76,80,'Et officia ratione cum repudiandae.',1,1,'2019-10-09 22:09:29'),(81,60,72,81,'Quasi libero ipsa veritatis repellat ut inventore.',1,1,'2019-07-09 15:10:13'),(82,80,84,82,'Alias omnis odit ratione commodi officiis modi est.',1,0,'2020-04-06 02:05:25'),(83,78,39,83,'Qui officia non doloremque amet quo expedita.',0,1,'2019-08-20 11:53:34'),(84,60,83,84,'Rerum asperiores repudiandae accusamus pariatur sint.',1,1,'2019-08-12 04:34:34'),(85,36,29,85,'Aliquid iure voluptate consequatur omnis alias odit distinctio.',0,1,'2019-09-07 11:02:28'),(86,35,90,86,'Quod molestiae impedit mollitia error a.',1,0,'2020-01-29 16:42:11'),(87,44,51,87,'Dolore et reiciendis enim odit tenetur et consequuntur.',1,1,'2020-04-07 10:45:47'),(88,21,52,88,'Qui eos fuga nostrum maiores.',1,0,'2019-06-01 06:25:21'),(89,95,19,89,'Natus exercitationem velit quis aut officia excepturi.',1,1,'2019-09-22 11:41:02'),(90,8,84,90,'Distinctio voluptatem iure quo.',0,1,'2020-02-28 18:40:57'),(91,96,26,91,'Non et cumque sapiente reprehenderit.',1,0,'2019-12-19 10:39:15'),(92,43,37,92,'Fugiat non ducimus molestiae ducimus nobis qui.',0,1,'2019-08-16 13:35:32'),(93,53,54,93,'Quidem officia quisquam porro et eveniet ea est.',1,0,'2020-02-05 11:34:55'),(94,12,95,94,'Vel iure adipisci sunt numquam consectetur eos culpa.',1,0,'2019-07-31 03:42:55'),(95,39,10,95,'Error dolorem assumenda dolorum ut natus harum.',0,0,'2019-05-27 04:25:48'),(96,31,27,96,'Suscipit voluptatem recusandae dolorem distinctio adipisci.',0,1,'2019-11-19 15:46:44'),(97,39,14,97,'Itaque quia sequi iure enim earum.',0,0,'2019-04-29 01:56:37'),(98,53,23,98,'Corrupti nulla saepe distinctio accusantium praesentium quaerat.',0,1,'2019-11-27 02:13:24'),(99,53,98,99,'Error maxime sed sapiente excepturi provident soluta voluptas quasi.',1,0,'2020-01-11 22:02:53'),(100,32,63,100,'Suscipit eos quo nihil.',0,0,'2019-08-26 19:29:32');
/*!40000 ALTER TABLE `messages` ENABLE KEYS */;
UNLOCK TABLES;

--
-- Table structure for table `profiles`
--

DROP TABLE IF EXISTS `profiles`;
/*!40101 SET @saved_cs_client     = @@character_set_client */;
/*!50503 SET character_set_client = utf8mb4 */;
CREATE TABLE `profiles` (
  `user_id` int unsigned NOT NULL,
  `gender` char(1) CHARACTER SET utf8 COLLATE utf8_unicode_ci NOT NULL,
  `birthday` date DEFAULT NULL,
  `city` varchar(100) CHARACTER SET utf8 COLLATE utf8_unicode_ci DEFAULT NULL,
  `country` varchar(100) CHARACTER SET utf8 COLLATE utf8_unicode_ci DEFAULT NULL,
  `photo_id` int unsigned DEFAULT NULL,
  `updated_at` datetime DEFAULT CURRENT_TIMESTAMP ON UPDATE CURRENT_TIMESTAMP,
  PRIMARY KEY (`user_id`)
) ENGINE=InnoDB DEFAULT CHARSET=utf8 COLLATE=utf8_unicode_ci;
/*!40101 SET character_set_client = @saved_cs_client */;

--
-- Dumping data for table `profiles`
--

LOCK TABLES `profiles` WRITE;
/*!40000 ALTER TABLE `profiles` DISABLE KEYS */;
INSERT INTO `profiles` VALUES (1,'f','1979-04-01','Brooklynville','Bulgaria',NULL,'2020-04-25 12:27:23'),(2,'f','1976-10-11','Predovicport','Kenya',NULL,'2020-04-25 12:27:23'),(3,'f','2009-11-11','East Eusebioberg','Kazakhstan',NULL,'2020-04-25 12:27:23'),(4,'f','1972-06-09','New Libbieburgh','Senegal',NULL,'2020-04-25 12:27:23'),(5,'f','1994-05-21','New Blakestad','Palau',NULL,'2020-04-25 12:27:23'),(6,'f','1994-05-10','East Elainahaven','Micronesia',NULL,'2020-04-25 12:27:23'),(7,'f','1999-03-21','Blandamouth','Switzerland',NULL,'2020-04-25 12:27:23'),(8,'f','2004-08-01','Rosenbaumland','Brunei Darussalam',NULL,'2020-04-25 12:27:23'),(9,'m','1999-07-01','Mantemouth','Chad',NULL,'2020-04-25 12:27:23'),(10,'f','2012-06-01','East Gay','Kenya',NULL,'2020-04-25 12:27:23'),(11,'m','1973-08-20','Miatown','Slovenia',NULL,'2020-04-25 12:27:23'),(12,'m','1992-05-06','West Lowell','Saint Kitts and Nevis',NULL,'2020-04-25 12:27:23'),(13,'m','2013-12-02','West Esperanza','Northern Mariana Islands',NULL,'2020-04-25 12:27:23'),(14,'m','2008-04-05','East Chasity','Qatar',NULL,'2020-04-25 12:27:23'),(15,'f','1995-10-10','Lake Cotyburgh','Trinidad and Tobago',NULL,'2020-04-25 12:27:23'),(16,'f','2002-12-23','Emardchester','Czech Republic',NULL,'2020-04-25 12:27:23'),(17,'f','2003-01-20','Lake Gustavebury','Timor-Leste',NULL,'2020-04-25 12:27:23'),(18,'f','1985-02-24','East Jaylonmouth','Argentina',NULL,'2020-04-25 12:27:23'),(19,'m','2011-04-10','Eunastad','Macedonia',NULL,'2020-04-25 12:27:23'),(20,'m','2006-03-01','Randalstad','Myanmar',NULL,'2020-04-25 12:27:23'),(21,'f','2015-06-13','Wintheiserville','Lebanon',NULL,'2020-04-25 12:27:23'),(22,'f','1994-01-15','New Thelma','Pitcairn Islands',NULL,'2020-04-25 12:27:23'),(23,'m','2018-04-01','Bayleehaven','Jordan',NULL,'2020-04-25 12:27:23'),(24,'m','1984-12-09','Eliezerchester','Indonesia',NULL,'2020-04-25 12:27:23'),(25,'f','1982-11-25','East Sagestad','Cyprus',NULL,'2020-04-25 12:27:23'),(26,'m','1986-11-06','Macejkovicbury','Philippines',NULL,'2020-04-25 12:27:23'),(27,'m','1990-07-19','North Cydneyland','South Georgia and the South Sandwich Islands',NULL,'2020-04-25 12:27:23'),(28,'f','1979-03-08','New Jackson','French Southern Territories',NULL,'2020-04-25 12:27:23'),(29,'f','1975-01-06','Scarlettside','Faroe Islands',NULL,'2020-04-25 12:27:23'),(30,'m','2005-06-17','Homenickton','Peru',NULL,'2020-04-25 12:27:23'),(31,'f','2002-11-13','Port Lialand','Saint Pierre and Miquelon',NULL,'2020-04-25 12:27:23'),(32,'m','1988-03-25','Johnathanchester','Peru',NULL,'2020-04-25 12:27:23'),(33,'f','2005-04-19','Lavonview','Saint Martin',NULL,'2020-04-25 12:27:23'),(34,'f','1979-09-21','Cronashire','South Georgia and the South Sandwich Islands',NULL,'2020-04-25 12:27:23'),(35,'f','2011-10-17','West Cloyd','Lebanon',NULL,'2020-04-25 12:27:23'),(36,'f','1990-07-18','North Reginaldland','Suriname',NULL,'2020-04-25 12:27:23'),(37,'m','1997-07-16','Framifort','Wallis and Futuna',NULL,'2020-04-25 12:27:23'),(38,'f','2002-09-29','Port Margietown','Lesotho',NULL,'2020-04-25 12:27:23'),(39,'f','2017-05-21','East Macy','Guadeloupe',NULL,'2020-04-25 12:27:23'),(40,'f','1997-01-07','South Clementina','Hungary',NULL,'2020-04-25 12:27:23'),(41,'f','2015-09-13','Kuphalfurt','Spain',NULL,'2020-04-25 12:27:23'),(42,'m','2004-05-09','West Wilbert','Western Sahara',NULL,'2020-04-25 12:27:23'),(43,'f','1982-03-23','West Maymie','Brazil',NULL,'2020-04-25 12:27:23'),(44,'f','2003-09-21','Madelineview','Barbados',NULL,'2020-04-25 12:27:23'),(45,'m','1988-08-08','Delbertfort','Kiribati',NULL,'2020-04-25 12:27:23'),(46,'m','1988-05-01','Neldaville','Serbia',NULL,'2020-04-25 12:27:23'),(47,'m','2004-01-09','South Karlport','United Arab Emirates',NULL,'2020-04-25 12:27:23'),(48,'m','1988-11-17','East Isom','Zambia',NULL,'2020-04-25 12:27:23'),(49,'m','2015-08-01','Jaylenburgh','Slovenia',NULL,'2020-04-25 12:27:23'),(50,'f','1993-04-17','East Joshuafurt','Northern Mariana Islands',NULL,'2020-04-25 12:27:23'),(51,'m','2007-10-07','New Alford','Thailand',NULL,'2020-04-25 12:27:23'),(52,'m','1976-06-20','Nicolashaven','Kuwait',NULL,'2020-04-25 12:27:23'),(53,'m','1981-03-29','Port Ofeliaport','Maldives',NULL,'2020-04-25 12:27:23'),(54,'f','1976-07-21','Ignatiusland','Portugal',NULL,'2020-04-25 12:27:23'),(55,'m','2004-04-20','Kundeborough','Nigeria',NULL,'2020-04-25 12:27:23'),(56,'m','1982-05-02','New Adellaburgh','Peru',NULL,'2020-04-25 12:27:23'),(57,'m','1983-10-03','Creminfort','Haiti',NULL,'2020-04-25 12:27:23'),(58,'m','1982-10-11','South Eliane','Australia',NULL,'2020-04-25 12:27:23'),(59,'m','1974-05-16','Watsonview','Cape Verde',NULL,'2020-04-25 12:27:23'),(60,'m','2006-09-22','West Andreanneberg','Macedonia',NULL,'2020-04-25 12:27:23'),(61,'m','2020-03-02','Lake Anderson','Guatemala',NULL,'2020-04-25 12:27:23'),(62,'f','1992-06-14','Kirlinburgh','Isle of Man',NULL,'2020-04-25 12:27:23'),(63,'f','1998-02-25','Port Javon','Serbia',NULL,'2020-04-25 12:27:23'),(64,'m','1974-11-15','East Bayleeberg','Tokelau',NULL,'2020-04-25 12:27:23'),(65,'f','2012-07-09','Roobside','Haiti',NULL,'2020-04-25 12:27:23'),(66,'f','2005-12-23','North Albertmouth','Sierra Leone',NULL,'2020-04-25 12:27:23'),(67,'m','2011-07-04','North Gillian','Chile',NULL,'2020-04-25 12:27:23'),(68,'f','1991-02-20','New Sydney','Barbados',NULL,'2020-04-25 12:27:23'),(69,'f','1991-07-27','South Jaylin','Montserrat',NULL,'2020-04-25 12:27:23'),(70,'m','1972-02-15','Bauchmouth','Sri Lanka',NULL,'2020-04-25 12:27:23'),(71,'m','2017-08-07','Hermistonburgh','Ghana',NULL,'2020-04-25 12:27:23'),(72,'f','2015-05-29','Goldnerstad','Philippines',NULL,'2020-04-25 12:27:23'),(73,'f','1997-06-13','Lake Toreyborough','El Salvador',NULL,'2020-04-25 12:27:23'),(74,'m','1981-05-30','Gleasonmouth','Wallis and Futuna',NULL,'2020-04-25 12:27:23'),(75,'f','1989-11-08','Roweborough','El Salvador',NULL,'2020-04-25 12:27:23'),(76,'f','2012-08-19','Hackettview','Israel',NULL,'2020-04-25 12:27:23'),(77,'f','1994-10-12','Pacochaburgh','Falkland Islands (Malvinas)',NULL,'2020-04-25 12:27:23'),(78,'m','1984-04-02','Haagmouth','Haiti',NULL,'2020-04-25 12:27:23'),(79,'m','2010-07-08','Port Jevon','Saudi Arabia',NULL,'2020-04-25 12:27:23'),(80,'m','1972-11-01','Schaeferside','Saint Vincent and the Grenadines',NULL,'2020-04-25 12:27:23'),(81,'f','2004-12-11','Port Diamondland','Palestinian Territory',NULL,'2020-04-25 12:27:23'),(82,'m','1999-06-04','Elouisemouth','Cambodia',NULL,'2020-04-25 12:27:23'),(83,'m','1974-03-23','Cassandreshire','Tajikistan',NULL,'2020-04-25 12:27:23'),(84,'m','2016-04-23','Sipestown','Guatemala',NULL,'2020-04-25 12:27:23'),(85,'m','2019-07-06','Shaunside','Guadeloupe',NULL,'2020-04-25 12:27:23'),(86,'m','1976-08-26','Rutherfordchester','Slovenia',NULL,'2020-04-25 12:27:23'),(87,'m','2009-01-07','Robinfurt','Congo',NULL,'2020-04-25 12:27:23'),(88,'m','2011-11-03','Stacyville','Iraq',NULL,'2020-04-25 12:27:23'),(89,'m','2000-08-05','Cecilefurt','Grenada',NULL,'2020-04-25 12:27:23'),(90,'m','2004-09-19','West Justenton','Kazakhstan',NULL,'2020-04-25 12:27:23'),(91,'m','2016-11-28','South Moniquefort','Madagascar',NULL,'2020-04-25 12:27:23'),(92,'f','1976-01-17','New Lucious','Estonia',NULL,'2020-04-25 12:27:23'),(93,'m','1984-01-07','Hoppefort','Martinique',NULL,'2020-04-25 12:27:23'),(94,'f','1982-09-30','East Leanne','Congo',NULL,'2020-04-25 12:27:23'),(95,'m','1995-02-06','Lake Carmella','Netherlands',NULL,'2020-04-25 12:27:23'),(96,'m','2002-07-19','North Reeseland','Slovakia (Slovak Republic)',NULL,'2020-04-25 12:27:23'),(97,'f','1972-08-29','New Janae','Luxembourg',NULL,'2020-04-25 12:27:23'),(98,'m','1990-04-22','Eddchester','Guinea-Bissau',NULL,'2020-04-25 12:27:23'),(99,'f','1972-04-08','East Sasha','Syrian Arab Republic',NULL,'2020-04-25 12:27:23'),(100,'f','2002-11-14','East Jaronmouth','French Polynesia',NULL,'2020-04-25 12:27:23');
/*!40000 ALTER TABLE `profiles` ENABLE KEYS */;
UNLOCK TABLES;

--
-- Table structure for table `users`
--

DROP TABLE IF EXISTS `users`;
/*!40101 SET @saved_cs_client     = @@character_set_client */;
/*!50503 SET character_set_client = utf8mb4 */;
CREATE TABLE `users` (
  `id` int unsigned NOT NULL AUTO_INCREMENT,
  `first_name` varchar(100) CHARACTER SET utf8 COLLATE utf8_unicode_ci NOT NULL,
  `last_name` varchar(100) CHARACTER SET utf8 COLLATE utf8_unicode_ci NOT NULL,
  `email` varchar(120) CHARACTER SET utf8 COLLATE utf8_unicode_ci NOT NULL,
  `phone` varchar(120) CHARACTER SET utf8 COLLATE utf8_unicode_ci NOT NULL,
  `created_at` datetime DEFAULT CURRENT_TIMESTAMP,
  `updated_at` datetime DEFAULT CURRENT_TIMESTAMP ON UPDATE CURRENT_TIMESTAMP,
  PRIMARY KEY (`id`),
  UNIQUE KEY `email` (`email`),
  UNIQUE KEY `phone` (`phone`)
) ENGINE=InnoDB AUTO_INCREMENT=101 DEFAULT CHARSET=utf8 COLLATE=utf8_unicode_ci;
/*!40101 SET character_set_client = @saved_cs_client */;

--
-- Dumping data for table `users`
--

LOCK TABLES `users` WRITE;
/*!40000 ALTER TABLE `users` DISABLE KEYS */;
INSERT INTO `users` VALUES (1,'Hilda','Kovacek','ena86@example.com','936.152.1062x0239','2014-01-17 01:14:15','2014-09-01 07:42:04'),(2,'Skye','Denesik','collins.reggie@example.com','068.844.9965','2010-12-05 05:36:08','2011-08-03 16:09:50'),(3,'Korey','Bosco','fhoppe@example.org','917.918.0342x14475','2011-04-12 06:15:33','2020-04-25 11:52:39'),(4,'Danial','Nitzsche','zetta.sauer@example.org','028-732-9572','2018-09-10 10:41:30','2020-04-25 11:52:39'),(5,'Christy','Jacobs','wiza.queen@example.com','167.404.9364','2016-09-19 07:09:32','2020-04-25 11:52:39'),(6,'Cierra','Frami','uwatsica@example.org','03471623870','2013-07-12 00:56:22','2018-08-20 15:26:00'),(7,'Rylee','Collins','katherine.frami@example.org','1-048-089-0260','2012-11-16 13:54:11','2016-09-05 23:41:31'),(8,'Nayeli','Lind','vtowne@example.org','(790)584-6764x502','2010-10-23 00:55:43','2016-12-02 17:13:15'),(9,'Gerard','Rohan','ulices98@example.com','(176)757-2913x239','2014-06-23 16:43:13','2020-04-25 11:52:39'),(10,'Jenifer','Wyman','nolan.dale@example.com','759-340-7757x5330','2011-03-29 22:17:08','2016-07-09 17:01:29'),(11,'Wade','Dare','vdickens@example.com','779-158-2651','2011-03-05 16:45:52','2018-04-25 15:46:19'),(12,'Lucile','Berge','tatum28@example.com','926.362.2890x080','2018-08-24 16:36:04','2020-04-25 11:52:39'),(13,'Rahul','Jacobi','jenifer43@example.com','546-966-7617','2019-03-23 05:41:02','2020-04-25 11:52:39'),(14,'Roxane','Crona','ardella.johnston@example.net','1-234-700-7587x1851','2013-06-26 08:35:17','2020-04-25 11:52:39'),(15,'Fabiola','Barrows','lilian.rau@example.net','1-785-662-4608','2013-11-12 11:27:04','2014-03-12 00:31:11'),(16,'Hailey','Ruecker','ericka24@example.org','02765424496','2012-05-04 07:36:45','2020-04-25 11:52:39'),(17,'Alan','Stroman','colin.lubowitz@example.org','857-057-4611','2011-08-19 22:45:31','2014-09-14 07:34:44'),(18,'Berta','Hessel','aparisian@example.org','02515091618','2010-12-15 14:03:00','2011-05-16 02:14:57'),(19,'Merlin','Brown','mazie23@example.com','+21(6)9352033304','2011-06-10 12:33:12','2014-10-10 20:44:12'),(20,'Nina','Ullrich','mfahey@example.org','(739)211-4411x1193','2017-02-07 11:45:55','2020-04-25 11:52:39'),(21,'Eugene','Kling','cassidy37@example.com','044-985-2839','2016-05-06 12:00:21','2020-04-25 11:52:39'),(22,'Camila','Ward','reichel.dee@example.org','(247)069-3627x0790','2016-10-27 21:46:53','2020-04-25 11:52:39'),(23,'Vella','Crooks','marilyne63@example.net','902-760-7997x518','2011-09-18 17:31:14','2016-03-09 20:07:03'),(24,'Myrna','Jacobson','triston.langworth@example.org','(178)669-3438','2020-02-29 14:34:02','2020-04-25 11:52:39'),(25,'Araceli','Kris','hdickens@example.net','+06(2)0778064874','2013-04-20 01:39:29','2019-01-18 21:14:38'),(26,'Alycia','Wehner','dcarroll@example.net','09728645352','2019-06-18 11:51:39','2020-04-25 11:52:39'),(27,'Bobby','Schmeler','huel.lucious@example.net','+19(8)8461269754','2018-05-08 19:23:27','2020-04-25 11:52:39'),(28,'Annabelle','Abshire','misty.muller@example.net','+55(7)6296222648','2013-09-25 14:13:29','2020-04-25 11:52:39'),(29,'Jeanie','Konopelski','violet69@example.org','378-964-2101x52894','2011-05-14 03:30:49','2015-04-14 23:40:11'),(30,'Jerel','Reilly','welch.guy@example.net','(628)210-6029x7161','2017-05-15 17:02:36','2019-08-08 02:43:45'),(31,'Cyril','Connelly','vdach@example.com','063-064-8452x53241','2012-03-09 21:25:06','2014-11-27 23:12:16'),(32,'Laury','Kautzer','dleannon@example.net','228.332.7830','2011-02-25 01:30:36','2017-06-03 15:25:56'),(33,'Dawn','Marvin','egibson@example.org','983-873-0281','2017-05-02 11:36:22','2020-04-25 11:52:39'),(34,'Raphael','Fadel','adolph.hand@example.net','790.523.2054x62271','2013-01-03 00:49:12','2020-04-25 11:52:39'),(35,'Maryse','Fisher','velma84@example.com','(767)948-0644','2012-02-20 10:56:07','2013-08-25 20:29:57'),(36,'Sonny','Lubowitz','hobart43@example.com','1-711-794-2440','2012-09-18 21:56:01','2017-07-15 01:49:39'),(37,'Jess','Brakus','ydibbert@example.com','(065)777-6666x52898','2015-07-13 13:25:17','2018-06-14 01:49:07'),(38,'Sabrina','Williamson','wilfredo70@example.net','130.524.6166x602','2011-11-29 19:21:10','2017-05-13 13:05:38'),(39,'Clara','Kemmer','ondricka.clinton@example.net','429.798.9674x008','2019-07-06 23:56:55','2020-04-25 11:52:39'),(40,'Rachael','Kutch','kellen.hamill@example.com','(979)852-4637x0173','2010-05-27 09:26:00','2013-02-22 02:39:03'),(41,'Norwood','Jacobi','rigoberto47@example.org','(193)706-0629x42229','2010-05-20 16:46:27','2010-08-01 15:50:20'),(42,'Effie','Kertzmann','howell.hansen@example.org','582-087-6062','2019-04-13 23:08:21','2020-04-25 11:52:39'),(43,'Jadyn','Bergnaum','ustracke@example.com','711.065.4745x3802','2017-03-29 01:04:32','2020-04-25 11:52:39'),(44,'Lola','Welch','otho.hilll@example.com','080-114-5013','2011-03-29 17:46:21','2018-04-26 04:10:40'),(45,'Dorcas','Schuster','amber.kuhn@example.org','1-424-052-3230x94665','2020-01-06 09:49:39','2020-04-25 11:52:39'),(46,'Alba','Bergnaum','parker00@example.net','700-134-7229x3977','2019-12-06 17:46:36','2020-04-25 11:52:39'),(47,'Elmira','McKenzie','zhaley@example.org','(954)569-2249x16539','2016-08-29 20:53:27','2016-11-05 06:24:35'),(48,'Rasheed','Mraz','kenny25@example.net','1-046-733-6036','2017-07-26 00:03:41','2020-04-25 11:52:39'),(49,'Angeline','Ferry','melisa37@example.com','1-629-483-4444x780','2015-02-14 22:53:11','2020-04-25 11:52:39'),(50,'Reymundo','Kerluke','maddison.cruickshank@example.org','+86(5)7281962049','2013-07-19 14:41:02','2020-04-02 19:32:56'),(51,'Hailee','Conroy','terrance.hilpert@example.net','1-781-727-4254x048','2016-04-15 22:28:00','2020-04-25 11:52:39'),(52,'Ricardo','Pagac','batz.luella@example.net','022.988.5905x2519','2012-04-09 02:49:35','2020-04-25 11:52:39'),(53,'Katheryn','Bogan','zita87@example.org','(815)022-2031','2016-08-09 23:36:08','2019-12-30 01:25:49'),(54,'Hudson','Gulgowski','mleuschke@example.net','(002)361-4427x102','2011-06-17 07:03:50','2012-09-12 08:33:16'),(55,'Edythe','Kunde','kay89@example.org','(115)284-8593x856','2014-01-30 10:50:30','2020-04-25 11:52:39'),(56,'Marge','Botsford','mauricio09@example.org','+14(2)1287796532','2014-03-11 10:08:58','2020-04-25 11:52:39'),(57,'Lillian','Wehner','darryl59@example.com','1-397-282-3600x799','2012-08-10 16:40:39','2019-06-30 12:36:12'),(58,'Kenny','Cole','williamson.marcel@example.net','06298798376','2012-11-19 00:23:33','2020-04-25 11:52:39'),(59,'Cecil','Thiel','schmeler.jarrett@example.net','(014)489-3039','2012-07-06 03:02:33','2015-12-13 03:53:44'),(60,'Emilie','Quigley','bernier.grover@example.net','450-786-3666x76049','2010-07-04 16:32:31','2012-12-31 01:00:17'),(61,'Jackie','Cassin','wwillms@example.com','(684)101-9413x630','2010-12-15 15:51:21','2012-07-17 23:34:04'),(62,'Catherine','Hackett','ghamill@example.org','982.126.5992x55577','2012-04-28 22:47:32','2017-01-10 02:17:52'),(63,'Kiel','O\'Keefe','jacobs.clara@example.org','512.479.5320x16124','2012-04-03 01:53:27','2013-03-31 06:00:08'),(64,'Garrick','Mitchell','victoria20@example.org','1-959-386-9084','2013-11-04 07:09:41','2020-04-25 11:52:39'),(65,'Lew','O\'Kon','camryn02@example.net','(771)553-7940x897','2012-07-04 23:49:59','2018-07-01 21:21:00'),(66,'Wilfrid','Goodwin','nelda.mccullough@example.org','1-149-734-2237x733','2016-05-23 01:04:31','2020-04-25 11:52:39'),(67,'Francisco','Deckow','garry85@example.net','655.496.8243x81199','2014-10-22 20:54:09','2017-05-26 05:57:20'),(68,'Lamar','Connelly','qsporer@example.org','+84(5)3615001034','2014-05-08 18:41:08','2017-09-14 10:53:13'),(69,'Ursula','Feest','pfadel@example.net','01138516986','2016-03-09 08:54:45','2019-01-27 03:59:45'),(70,'Edythe','Ruecker','fwelch@example.org','371-803-1503','2017-09-22 14:40:34','2020-04-25 11:52:39'),(71,'Frank','Hegmann','zelma79@example.org','409-341-8498x535','2012-09-15 18:02:45','2020-04-25 11:52:39'),(72,'Leta','Keebler','vhalvorson@example.com','(764)039-5173x10662','2011-11-04 01:35:05','2020-04-25 11:52:39'),(73,'Audra','O\'Conner','hoeger.lee@example.net','265-505-7259','2014-12-31 00:39:44','2020-04-25 11:52:39'),(74,'Shyanne','Lockman','nella72@example.net','444.788.5720x949','2014-05-05 01:31:27','2016-10-23 16:26:44'),(75,'Percy','Huel','augustus.bradtke@example.org','802-187-9059x93013','2014-10-30 01:12:59','2020-04-25 11:52:39'),(76,'Rhett','Hintz','romaguera.lula@example.org','04778560463','2020-03-22 11:10:58','2020-04-25 11:52:39'),(77,'Ari','Prosacco','kim87@example.com','(890)229-7139','2016-10-02 08:22:17','2020-04-25 11:52:39'),(78,'Kathleen','Conn','klein.lilian@example.net','1-822-035-3578x682','2010-05-28 23:19:03','2010-07-27 12:26:20'),(79,'Caterina','DuBuque','noberbrunner@example.com','059.816.1594x5119','2011-08-26 01:33:10','2016-10-28 22:17:21'),(80,'Brian','Pfeffer','morissette.mitchel@example.com','(323)610-3857x770','2017-09-02 09:41:42','2019-03-31 09:55:05'),(81,'Ruth','Gutmann','clementina39@example.org','00493526506','2013-09-21 23:32:05','2020-04-25 11:52:39'),(82,'Uriel','Howell','pinkie.bednar@example.net','1-748-285-2479x2039','2019-01-04 17:32:48','2020-04-25 11:52:39'),(83,'Clementine','Heller','tate.o\'hara@example.net','1-349-109-0428x8438','2013-10-30 23:39:50','2020-04-25 11:52:39'),(84,'Mazie','Grimes','xkshlerin@example.org','(525)900-3560','2016-01-27 02:14:31','2017-09-10 00:44:46'),(85,'Luigi','Halvorson','harris.isabella@example.net','1-373-251-9081x43268','2012-11-28 15:12:23','2017-09-04 21:41:06'),(86,'Lizeth','Rohan','danial41@example.net','795-892-9608x9942','2017-08-09 22:04:39','2017-10-07 11:49:53'),(87,'Marcelina','Bode','bruen.rogelio@example.org','1-623-484-1478x25340','2016-02-26 19:07:36','2018-04-15 11:22:27'),(88,'Neva','Langosh','haag.dandre@example.com','212-393-8652x78815','2019-06-11 02:48:08','2020-04-25 11:52:39'),(89,'Alex','Nikolaus','bailey.grace@example.net','288.498.8406','2018-11-15 03:59:54','2020-04-25 11:52:39'),(90,'Meredith','Cremin','orland04@example.org','1-989-270-3712x70030','2013-08-08 13:28:45','2015-02-07 17:23:05'),(91,'Virgie','Runolfsdottir','cassidy38@example.net','1-995-548-2741','2017-01-03 03:44:48','2020-04-25 11:52:39'),(92,'Lionel','Gutmann','welch.daphney@example.com','1-594-997-7829','2020-01-22 22:11:19','2020-04-25 11:52:39'),(93,'Randal','McClure','chanelle47@example.org','086.933.9414x53479','2014-04-10 04:19:06','2019-06-19 18:57:21'),(94,'Tristian','Moore','aconn@example.net','1-027-503-7692','2016-09-22 12:11:41','2019-07-31 22:00:17'),(95,'Alexa','Emmerich','ferry.ophelia@example.net','(683)680-3919','2016-10-12 18:09:30','2017-11-03 06:51:03'),(96,'Clyde','Lang','adelbert.marquardt@example.org','(419)349-4912','2019-11-08 11:55:52','2020-04-25 11:52:39'),(97,'Claire','Watsica','mclaughlin.tamara@example.com','1-244-740-0058x9816','2014-07-25 14:29:38','2018-07-29 15:33:09'),(98,'Damien','Dare','norbert93@example.org','+46(1)6712369846','2010-11-16 03:53:07','2020-04-25 11:52:39'),(99,'Georgiana','Mayer','fadel.annabelle@example.net','(490)018-9621x2517','2017-07-22 05:48:37','2020-04-25 11:52:39'),(100,'Chadd','Considine','christina.daniel@example.com','1-748-797-0343x99319','2011-08-16 10:14:58','2012-09-03 08:31:24');
/*!40000 ALTER TABLE `users` ENABLE KEYS */;
UNLOCK TABLES;
/*!40103 SET TIME_ZONE=@OLD_TIME_ZONE */;

/*!40101 SET SQL_MODE=@OLD_SQL_MODE */;
/*!40014 SET FOREIGN_KEY_CHECKS=@OLD_FOREIGN_KEY_CHECKS */;
/*!40014 SET UNIQUE_CHECKS=@OLD_UNIQUE_CHECKS */;
/*!40101 SET CHARACTER_SET_CLIENT=@OLD_CHARACTER_SET_CLIENT */;
/*!40101 SET CHARACTER_SET_RESULTS=@OLD_CHARACTER_SET_RESULTS */;
/*!40101 SET COLLATION_CONNECTION=@OLD_COLLATION_CONNECTION */;
/*!40111 SET SQL_NOTES=@OLD_SQL_NOTES */;

-- Dump completed on 2020-04-26 23:13:42
